title: Moments Snacks Fruta para Perro,image: https://www.petsonic.com/15756-large_default/snacks-fruta-para-perro.jp,prices: 1.03 €/
title: Moments Snack Iberico para Perro,image: https://www.petsonic.com/15757-large_default/snack-iberico-para-perro.jp,prices: 1.03 €/
title: Moments Snack Pavo para Perro,image: https://www.petsonic.com/15758-large_default/snack-pavo-para-perro.jp,prices: 1.03 €/
title: Moments Snack Queso para Perro,image: https://www.petsonic.com/15759-large_default/snack-queso-para-perro.jp,prices: 1.03 €/
title: Moments Snack Pescado para Perro,image: https://www.petsonic.com/15760-large_default/snack-pescado-para-perro.jp,prices: 1.03 €/
title: Pet Munchies Snack Naturales Filetes de Pollo para Perro,image: https://www.petsonic.com/15790-large_default/snack-naturales-filetes-pollo-para-perro.jp,prices: 3.08 €/
title: Pet Munchies Snacks Naturales Tiras de Pollo para Perro,image: https://www.petsonic.com/15791-large_default/snacks-naturales-tiras-pollo-para-perro.jp,prices: 3.25 €/
title: Pet Munchies Snack Naturales Filetes de Pato para Perro,image: https://www.petsonic.com/15793-large_default/snack-naturales-filetes-pato-para-perro.jp,prices: 3.08 €/
title: Pet Munchies Snacks Naturales Tiras de Pechuga Pato para Perro,image: https://www.petsonic.com/15794-large_default/pet-munchies-snacks-naturales-tiras-pechuga-pato-para-perros.jp,prices: 3.14 €/
title: Pet Munchies Snacks Naturales Tiras de Venado para Perro,image: https://www.petsonic.com/15795-large_default/snacks-naturales-tiras-venado-para-perro.jp,prices: 3.42 €/
title: Pet Munchies Snacks Naturales Bocaditos de Salmón para Perro,image: https://www.petsonic.com/15826-large_default/snacks-naturales-bocaditos-salmon-para-perro.jp,prices: 2.70 €/
title: Pet Munchies Snack Naturales Filetes de Salmón para Perro,image: https://www.petsonic.com/15827-large_default/snack-naturales-filetes-salmon-para-perro.jp,prices: 3.08 €/
title: Pet Munchies Snack Naturales Salmón Skin Chews Medium para Perro,image: https://www.petsonic.com/15828-large_default/snack-naturales-salmon-skin-chews-medium-para-perro.jp,prices: 3.03 €/
title: Pet Munchies Snack Naturales Salmón Skin Chews Large para Perro,image: https://www.petsonic.com/15829-large_default/snack-naturales-salmon-skin-chews-large-para-perro.jp,prices: 3.06 €/
title: Trixie Caja Navidad para Perro,image: https://www.petsonic.com/13925-large_default/caja-navidad-para-perro.jp,prices: 7.10 €/
"title: Lolo Pets Galleta Mini ""Pastel"" Frutos del Bosque para Perro",image: https://www.petsonic.com/13499-large_default/lolo-pets-galleta-mini-pastel-frutos-bosque-para-perros.jp,prices: 1.82 €/
"title: Lolo Pets Galleta Mini ""Pastel"" Chocolate y Frutos Secos para Perro",image: https://www.petsonic.com/13835-large_default/galleta-mini-pastel-chocolate-frutos-secos-para-perro.jp,prices: 1.63 €/
"title: Lolo Pets Galleta ""Pastel de Cumpleaños"" Carne y Verduras para Perro",image: https://www.petsonic.com/13481-large_default/galleta-pastel-cumpleanos-carne-verduras-para-perro.jp,prices: 3.59 €/
"title: Lolo Pets Galleta ""Pastel de Cumpleaños"" Chocolate y Frutos Secos para Perro",image: https://www.petsonic.com/13482-large_default/lolo-pets-galleta-pastel-cumpleanos-chocolate-frutos-secos-para-perros.jp,prices: 3.59 €/
"title: Lolo Pets Galleta ""Pastel de Cumpleaños"" Frutos del Bosque para Perro",image: https://www.petsonic.com/13483-large_default/galleta-pastel-cumpleanos-frutos-bosque-para-perro.jp,prices: 3.59 €/
"title: Lolo Pets Galleta ""Pastel  Love"" Carne y Verduras para Perro",image: https://www.petsonic.com/13484-large_default/galleta-pastel-love-carne-verduras-para-perro.jp,prices: 3.59 €/
"title: Lolo Pets Galleta ""Pastel  Love"" Chocolate y Frutos Secos para Perro",image: https://www.petsonic.com/13718-large_default/galleta-pastel-love-chocolate-frutos-secos-para-perro.jp,prices: 4.05 €/
"title: Lolo Pets Galleta ""Pastel de Love"" Frutos del Bosque para Perro",image: https://www.petsonic.com/13486-large_default/galleta-pastel-love-frutos-bosque-para-perro.jp,prices: 3.59 €/
"title: Lolo Pets Galleta ""Pastel "" Carne y Verduras para Perro",image: https://www.petsonic.com/13487-large_default/galleta-pastel-carne-verduras-para-perro.jp,prices: 3.59 €/
"title: Lolo Pets Galleta ""Pastel "" Chocolate y Frutos Secos para Perro",image: https://www.petsonic.com/13488-large_default/galleta-pastel-chocolate-frutos-secos-para-perro.jp,prices: 3.59 €/
"title: Lolo Pets Galleta ""Pastel Merry Christmas"" Carne y Verdura para Perro",image: https://www.petsonic.com/13626-large_default/galleta-pastel-merry-christmas-carne-verdura-para-perro.jp,prices: 4.45 €/
"title: Lolo Pets Galleta ""Pastel  Merry Christmas"" Chocolate y Frutos Secos para Perro",image: https://www.petsonic.com/13627-large_default/galleta-pastel-merry-christmas-chocolate-frutos-secos-para-perro.jp,prices: 3.59 €/
"title: Lolo Pets Galleta ""Pastel Merry Christmas"" Frutos del Bosque para Perro",image: https://www.petsonic.com/13628-large_default/galleta-pastel-merry-christmas-frutos-bosque-para-perro.jp,prices: 3.59 €/
title: Alpha Spirit Hueso Jamón para Perro,image: https://www.petsonic.com/13262-large_default/hueso-jamon-amiguitos-para-perro.jp,prices: 0.89 €/
title: Alpha Spirit Snacks de Ternera en Monodosis para Perro,image: https://www.petsonic.com/12023-large_default/alpha-spirit-snacks-ternera-monodosis-para-perros.jp,prices: 0.89 €/
title: Alpha Spirit Snacks de Pollo en Monodosis para Perro,image: https://www.petsonic.com/12024-large_default/snacks-de-pollo-en-monodosis-para-perro.jp,prices: 0.89 €/
title: Alpha Spirit Snacks de Queso en Monodosis para Perro,image: https://www.petsonic.com/12025-large_default/snacks-de-queso-en-monodosis-para-perro.jp,prices: 0.89 €/
title: Alpha Spirit Snacks de Higado en Monodosis para Perro,image: https://www.petsonic.com/12026-large_default/snacks-de-higado-en-monodosis-para-perro.jp,prices: 0.89 €/
title: Alpha Spirit Snacks de Pescado en Monodosis para Perro,image: https://www.petsonic.com/12027-large_default/snacks-de-pescado-en-monodosis-para-perro.jp,prices: 0.89 €/
title: Alpha Spirit Snacks de Pato en Monodosis para Perro,image: https://www.petsonic.com/12028-large_default/snacks-de-pato-en-monodosis-para-perro.jp,prices: 0.89 €/
title: Alpha Spirit Sticks de Pollo en Monodosis para Perro,image: https://www.petsonic.com/12047-large_default/sticks-de-pollo-en-monodosis-para-perro.jp,prices: 2.69 €/
title: Alpha Spirit Sticks de Ternera en Monodosis para Perro,image: https://www.petsonic.com/12046-large_default/sticks-de-ternera-en-monodosis-para-perro.jp,prices: 2.57 €/
title: Alpha Spirit Sticks de Higado en Monodosis para Perro,image: https://www.petsonic.com/12049-large_default/sticks-dehigado-en-monodosis-para-perro.jp,prices: 2.57 €/
title: Alpha Spirit Sticks de Pato en Monodosis para Perro,image: https://www.petsonic.com/12050-large_default/sticks-de-pato-en-monodosis-para-perro.jp,prices: 2.03 €/
title: Alpha Spirit Sticks de Cordero en Monodosis para Perro,image: https://www.petsonic.com/12051-large_default/sticks-de-cordero-en-monodosis-para-perro.jp,prices: 2.57 €/
title: Alpha Spirit Sticks de Queso en Monodosis para Perro,image: https://www.petsonic.com/12048-large_default/sticks-de-queso-en-monodosis-para-perro.jp,prices: 2.69 €/
title: Alpha Spirit Stick de Pescado en Monodosis para Perro,image: https://www.petsonic.com/13920-large_default/stick-pescado-monodosis-para-perro.jp,prices: 2.69 €/
title: Alpha Spirit Snacks Pescado Blanco para Perro,image: https://www.petsonic.com/13857-large_default/snacks-pescado-blanco-para-perro.jp,prices: 1.79 €/
title: Alpha Spirit Snack Tacos de Atún para Perro,image: https://www.petsonic.com/13859-large_default/snack-tacos-atun-para-perro.jp,prices: 1.79 €/
title: hobbit Alf Barritas Redonda de Ternera para Perro,image: https://www.petsonic.com/15277-large_default/hobbit-alf-barritas-redonda-ternera-para-perros.jp,prices: 4.49 €/u8.09 €/
title: hobbit Alf Barritas Redonda de Cordero para Perro,image: https://www.petsonic.com/15278-large_default/hobbit-alf-barritas-redonda-cordero-para-perros.jp,prices: 4.94 €/u8.09 €/
title: hobbit Alf Barritas Redonda de Pollo para Perro,image: https://www.petsonic.com/15281-large_default/hobbit-alf-barritas-redonda-pollo-para-perros.jp,prices: 4.49 €/u6.88 €/
title: hobbit Alf Mini Huesitos Tiernos Mix para Perros,image: https://www.petsonic.com/15886-large_default/hobbit-alf-mini-huesitos-tiernos-mix-para-perros.jp,prices: 3.41 €/
title: Nayeco Snack Toffy Salmón para Perro,image: https://www.petsonic.com/15888-large_default/nayeco-snack-toffy-salmon-para-perros.jp,prices: 2.69 €/
title: Nayeco Snack Toffy Pollo para Perro,image: https://www.petsonic.com/11042-large_default/nayeco-snack-toffy-pollo-para-perros.jp,prices: 2.69 €/
title: Nayeco Snack Toffy Cordero para Perro,image: https://www.petsonic.com/11044-large_default/nayeco-snack-toffy-cordero-para-perros.jp,prices: 2.69 €/
title: Nayeco Snack Toffy Surtido para Perro,image: https://www.petsonic.com/15880-large_default/nayeco-snack-toffy-surtido-para-perros.jp,prices: 2.69 €/
title: hobbit Alf Barritas 1kg Redonda Antisarro con Fluor Hobbit Alf,image: https://www.petsonic.com/15283-large_default/hobbit-alf-barritas-1kg-redonda-antisarro-fluor-para-perros.jp,prices: 
title: Nayeco Barrita de Cordero,image: https://www.petsonic.com/15887-large_default/nayeco-barrita-cordero-para-perros.jp,prices: 4.04 €/
title: Delidog Barritas de Pollo,image: https://www.petsonic.com/14047-large_default/delidog-barritas-pollo-para-perros.jp,prices: 7.19 €/
title: Delidog Barritas de Buey,image: https://www.petsonic.com/14048-large_default/delidog-barritas-buey-para-perros.jp,prices: 7.19 €/
title: Delidog Barritas de Salmón,image: https://www.petsonic.com/14049-large_default/delidog-barritas-salmon-para-perros.jp,prices: 7.19 €/
title: Delidog Barritas de Cordero,image: https://www.petsonic.com/14050-large_default/delidog-barritas-cordero-para-perros.jp,prices: 7.19 €/
title: Delidog Barritas Grain Free,image: https://www.petsonic.com/14061-large_default/delidog-barritas-grain-free-para-perros.jp,prices: 7.19 €/
title: hobbit Alf Bocaditos Tiernos de Salmón para Perro,image: https://www.petsonic.com/11081-large_default/hobbit-alf-bocaditos-tiernos-salmon-para-perros.jp,prices: 1.34 €/u17.06 €/
title: hobbit Alf Estrellas Tiernas de Salmón y Queso para Perro,image: https://www.petsonic.com/11078-large_default/hobbit-alf-estrellas-tiernas-salmon-queso-para-perros.jp,prices: 1.27 €/u17.06 €/
title: hobbit Alf Estrellita Tiernas de Salmón para Perro,image: https://www.petsonic.com/11079-large_default/hobbit-alf-estrellita-tiernas-salmon-para-perros.jp,prices: 1.34 €/u17.06 €/
title: hobbit Alf Estrellas Tiernas de Avestruz para Perro,image: https://www.petsonic.com/11080-large_default/hobbit-alf-estrellas-tiernas-avestruz-para-perros.jp,prices: 1.23 €/u17.06 €/
title: hobbit Alf Estrellas Tiernas de Ganso para Perro,image: https://www.petsonic.com/12040-large_default/hobbit-alf-estrellas-tiernas-ganso-para-perros.jp,prices: 1.34 €/u12.51 €/
title: hobbit Alf Bocaditos Tiernos de Carne de Caza para Perros,image: https://www.petsonic.com/12041-large_default/hobbit-alf-bocaditos-tiernos-carne-caza-para-perros.jp,prices: 1.27 €/u17.06 €/
title: hobbit Alf Fruit Mix para Perro,image: https://www.petsonic.com/12039-large_default/hobbit-alf-fruit-mix-para-perro.jp,prices: 1.61 €/u17.06 €/
title: hobbit Alf Snack Huesitos Tiernos para Perros,image: https://www.petsonic.com/13861-large_default/hobbit-alf-snack-huesitos-tiernos-para-perros.jp,prices: 1.70 €/u1.70 €/
title: hobbit Alf Palitos Tiernos de Ternera para Perro,image: https://www.petsonic.com/5863-large_default/hobbit-alf-palitos-tiernos-ternera-para-perros.jp,prices: 2.69 €/
title: hobbit Alf Hueso Piel con Fluor para Perro,image: https://www.petsonic.com/14022-large_default/hobbit-alf-hueso-piel-fluor-para-perros.jp,prices: 1.70 €/u4.62 €/
title: hobbit Alf Hueso Piel Sabor Barbacoa para Perro,image: https://www.petsonic.com/14023-large_default/hobbit-alf-hueso-piel-sabor-barbacoa-para-perros.jp,prices: 1.79 €/
title: hobbit Alf Hueso de Piel Sabor Chocolate para Perro,image: https://www.petsonic.com/14024-large_default/hobbit-alf-hueso-piel-sabor-chocolate-para-perros.jp,prices: 1.79 €/
title: hobbit Alf Nudillo de Ternera Calcio para Perro,image: https://www.petsonic.com/14025-large_default/hobbit-alf-nudillo-ternera-calcio-para-perros.jp,prices: 0.89 €/
title: hobbit Alf Nudillo de Ternera Ahumado para Perro,image: https://www.petsonic.com/14026-large_default/hobbit-alf-nudillo-ternera-ahumado-para-perros.jp,prices: 0.71 €/
title: hobbit Alf Cañailla de Jamón para Perro,image: https://www.petsonic.com/14027-large_default/hobbit-alf-canailla-jamon-para-perros.jp,prices: 0.89 €/
title: hobbit Alf Mini Hueso Piel Fluor para Perros,image: https://www.petsonic.com/14030-large_default/hobbit-alf-mini-hueso-piel-fluor-para-perros.jp,prices: 6.29 €/
title: hobbit Alf Hueso Calcio con Pollo para Perro,image: https://www.petsonic.com/14031-large_default/hobbit-alf-hueso-calcio-pollo-para-perros.jp,prices: 2.24 €/
title: hobbit Alf Filetes de pollo y Pato para Perro,image: https://www.petsonic.com/14032-large_default/hobbit-alf-filetes-pollo-pato-para-perros.jp,prices: 2.69 €/
title: hobbit Alf Huesitos Puppy con Pollo para Perro,image: https://www.petsonic.com/14034-large_default/hobbit-alf-huesitos-puppy-pollo-para-perros.jp,prices: 2.24 €/
title: hobbit Alf Muslitos de Pollo y Calcio para Perro,image: https://www.petsonic.com/11056-large_default/hobbit-alf-muslitos-pollo-calcio-para-perros.jp,prices: 2.24 €/
title: hobbit Alf Snack Pescaditos con Pollo para Perro,image: https://www.petsonic.com/11137-large_default/hobbit-alf-snack-pescaditos-pollo-para-perros.jp,prices: 2.69 €/
title: Natural Horn Asta de Ciervo para Perro,image: https://www.petsonic.com/11248-large_default/natural-horn-asta-ciervo-para-perros.jp,prices: 4.04 €/u5.84 €/u10.48 €/u15.25 €/u17.09 €/
title: hobbit Alf Rosco Piel Fluor para Perro,image: https://www.petsonic.com/14035-large_default/hobbit-alf-rosco-piel-fluor-para-perros.jp,prices: 1.79 €/
title: hobbit Alf Hueso Jamón para Perro,image: https://www.petsonic.com/14036-large_default/hobbit-alf-hueso-jamon-para-perros.jp,prices: 1.25 €/
title: Hueso de Ternera para Perro,image: https://www.petsonic.com/12790-large_default/hueso-ternera-para-perro.jp,prices: 4.31 €/u4.49 €/
title: hobbit Alf Hueso de Calcio Corto para Perro,image: https://www.petsonic.com/14037-large_default/hobbit-alf-hueso-calcio-corto-para-perros.jp,prices: 1.34 €/
title: hobbit Alf Hueso Ternera con Calcio,image: https://www.petsonic.com/14038-large_default/hobbit-alf-hueso-ternera-calcio-para-perros.jp,prices: 2.69 €/
title: hobbit Alf Hueso Ternera Ahumado para Perro,image: https://www.petsonic.com/9578-large_default/hobbit-alf-hueso-ternera-ahumado-para-perros.jp,prices: 2.56 €/
title: wuapu Huesos Piel Prensada para Perro,image: https://www.petsonic.com/12999-large_default/huesos-piel-prensada-para-perro.jp,prices: 1.07 €/u3.32 €/u3.67 €/u5.12 €/
title: The Company Of Animals Huesos Marrowbone  Nylon Rellenos para Perro,image: https://www.petsonic.com/14039-large_default/the-company-of-animals-huesos-marrowbone-nylon-rellenos-para-perros.jp,prices: 2.88 €/u3.82 €/u5.69 €/u8.12 €/u10.44 €/
title: TASTY BONE Hueso Nylon Sabores Gourmet para Perro,image: https://www.petsonic.com/11954-large_default/tasty-bone-hueso-nylon-sabores-gourmet-para-perros.jp,prices: 5.39 €/u5.12 €/u5.12 €/u5.12 €/
title: hobbit Alf Orejas de Cerda Extra para Perro,image: https://www.petsonic.com/14041-large_default/hobbit-alf-orejas-cerda-extra-para-perros.jp,prices: 7.62 €/u26.33 €/
title: hobbit Alf Oreja de Cerdo,image: https://www.petsonic.com/14042-large_default/hobbit-alf-oreja-cerdo-para-perros.jp,prices: 1.27 €/
title: hobbit Alf Oreja de Vaca Deshidratada para Perro,image: https://www.petsonic.com/14043-large_default/hobbit-alf-oreja-vaca-deshidratada-para-perros.jp,prices: 0.89 €/
title: Trixie Zapato Piel Masticable para Perro (10 unidades),image: https://www.petsonic.com/14044-large_default/trixie-zapato-piel-masticable-10-unidades-para-perros.jp,prices: 6.21 €/
title: hobbit Alf Tendón de Cuero para Perro,image: https://www.petsonic.com/14029-large_default/hobbit-alf-tendon-cuero-para-perros.jp,prices: 2.69 €/u11.69 €/
title: hobbit Alf Pezuña de Ternera Rellena para Perro,image: https://www.petsonic.com/8214-large_default/hobbit-alf-pezuna-ternera-rellena-para-perros.jp,prices: 1.34 €/
title: hobbit Alf Nervio de Cerdo Trenzado para Perro,image: https://www.petsonic.com/14033-large_default/nervio-cerdo-trenzado-para-perro.jp,prices: 1.79 €/
title: hobbit Alf Nervio de Toro 15 cm para Perro,image: https://www.petsonic.com/14045-large_default/hobbit-alf-nervio-toro-15-cm-para-perros.jp,prices: 15.08 €/u58.49 €/
title: hobbit Alf Puntas de Nervio de Toro,image: https://www.petsonic.com/15881-large_default/hobbit-alf-puntas-nervio-toro-para-perros.jp,prices: 8.99 €/
title: Nayeco 35 Und. Nervio Bovino Nayeco,image: https://www.petsonic.com/15882-large_default/nayeco-35-und-nervio-bovino-para-perros.jp,prices: 
title: hobbit Alf Nervio de Toro 20cm para Perros,image: https://www.petsonic.com/15883-large_default/hobbit-alf-nervio-toro-20cm-para-perros.jp,prices: 14.34 €/
title: hobbit Alf Nervio de Toro 60-70cm para Perro,image: https://www.petsonic.com/15884-large_default/hobbit-alf-nervio-toro-60-70cm-para-perros.jp,prices: 5.39 €/u40.49 €/
title: Dimac Cigarrillos Colores de Piel para Perro,image: https://www.petsonic.com/15885-large_default/dimac-cigarrillos-colores-piel-para-perros.jp,prices: 4.67 €/
title: Bravo Snack de Piel para Perro,image: https://www.petsonic.com/10104-large_default/bravo-snack-piel-para-perros.jp,prices: 8.50 €/
title: Bravo Snack Piel Surtido para Perro,image: https://www.petsonic.com/10105-large_default/bravo-snack-piel-surtido-para-perros.jp,prices: 9.31 €/
title: Trixie Palitos de Piel para Perro 100 unidades,image: https://www.petsonic.com/14046-large_default/trixie-palitos-piel-100-unidades-para-perros.jp,prices: 7.19 €/u8.54 €/u13.94 €/
title: hobbit Alf Tira de Tendón para Perro,image: https://www.petsonic.com/14051-large_default/hobbit-alf-tira-tendon-para-perros.jp,prices: 1.34 €/
title: hobbit Alf Tendón Extra 20cm para Perro,image: https://www.petsonic.com/14052-large_default/hobbit-alf-tendon-extra-20cm-para-perros.jp,prices: 1.43 €/
title: Trixie Huesos Prensados de Arroz para Perro,image: https://www.petsonic.com/14053-large_default/trixie-huesos-prensados-arroz-para-perros.jp,prices: 1.97 €/
title: Trixie Rollito de Tripa Relleno de Yogur para Perro,image: https://www.petsonic.com/14054-large_default/trixie-rollito-tripa-relleno-yogur-para-perros.jp,prices: 56.42 €/
title: Trixie Snack-Premio Paté Hígado,image: https://www.petsonic.com/14056-large_default/trixie-snack-premio-pate-higado-para-perros.jp,prices: 2.70 €/
title: Trixie Snack Paté de Bacon para Perro,image: https://www.petsonic.com/14057-large_default/snack-pate-bacon-para-perro.jp,prices: 3.14 €/
title: Trixie Snack Paté de Salmón para Perro,image: https://www.petsonic.com/14058-large_default/snack-pate-salmon-para-perro.jp,prices: 3.14 €/
title: Trixie Snacks Vitaminados Sabor Yogur para Perro,image: https://www.petsonic.com/8411-large_default/trixie-snacks-vitaminados-sabor-yogur-para-perros.jp,prices: 1.23 €/
title: Trixie Tableta Chocolate para Perros,image: https://www.petsonic.com/14059-large_default/trixie-tableta-chocolate-para-perros.jp,prices: 1.21 €/
title: Trixie Tableta Chocolate Blanco para Perros,image: https://www.petsonic.com/14060-large_default/trixie-tableta-chocolate-blanco-para-perros.jp,prices: 1.34 €/
title: Trixie Snacks Tiras de Pollo Deshidratado para Perro,image: https://www.petsonic.com/8406-large_default/trixie-snacks-tiras-pollo-deshidratado-para-perros.jp,prices: 2.70 €/
title: Trixie Snack Pollo y Merluza para Perro,image: https://www.petsonic.com/12125-large_default/snack-pollo-merluza-para-perro.jp,prices: 1.97 €/
title: Trixie Snacks Crispy Duck para Perro,image: https://www.petsonic.com/12124-large_default/snacks-cripspy-duck-para-perro.jp,prices: 3.59 €/
title: Trixie Snakcs Pollo y Plátano para Perro,image: https://www.petsonic.com/12403-large_default/snakcs-pollo-platano-para-perro.jp,prices: 2.74 €/
title: Trixie Snack Pollo y Queso para Perro,image: https://www.petsonic.com/12404-large_default/snack-pollo-queso-para-perro.jp,prices: 2.69 €/
title: Trixie Snacks Bites Pato para Perro,image: https://www.petsonic.com/12447-large_default/snacks-bites-pato-para-perro.jp,prices: 1.97 €/
title: Trixie Snack Pato y Arroz para Perro,image: https://www.petsonic.com/12406-large_default/snack-pato-arroz-para-perro.jp,prices: 1.88 €/
title: Trixie Snack Pato para Perro,image: https://www.petsonic.com/12405-large_default/snack-pato-para-perro.jp,prices: 2.69 €/
title: Trixie Snacks Chickies Pollo para Perro,image: https://www.petsonic.com/15464-large_default/snacks-chickies-pollo-para-perro.jp,prices: 2.69 €/
title: Trixie Snack Happy Stripes Ternera para Perro,image: https://www.petsonic.com/13797-large_default/snack-happy-stripes-ternera-para-perro.jp,prices: 3.95 €/
title: Bravo Huesos Delibones para Perro,image: https://www.petsonic.com/13301-large_default/huesos-delibones-para-perro.jp,prices: 2.92 €/u3.14 €/
title: Fish4Dogs Super Star Snacks Adiestramiento para Perro.,image: https://www.petsonic.com/14062-large_default/fish4dogs-super-star-snacks-adiestramiento-para-perros.jp,prices: 3.14 €/
title: Fish4Dogs Sea Jerky Tiras de Piel de Pescado Deshidratado para Perro,image: https://www.petsonic.com/14064-large_default/fish4dogs-sea-jerky-tiras-piel-pescado-deshidratado-para-perros.jp,prices: 4.49 €/
title: Fish4Dogs Sea Wraps con Bacalao y Boniato para Perro,image: https://www.petsonic.com/14126-large_default/fish4dogs-sea-wraps-bacalao-boniato-para-perros.jp,prices: 3.59 €/
title: Fish4Dogs Sea Jerky Trenzas de Pescado Deshidratado para Perro,image: https://www.petsonic.com/14067-large_default/fish4dogs-sea-jerky-trenzas-pescado-deshidratado-para-perros.jp,prices: 3.88 €/
title: Fish4Dogs Sea Jerky Tacos de Pescado Deshidratado para Perro,image: https://www.petsonic.com/14074-large_default/fish4dogs-sea-jerky-tacos-pescado-deshidratado-para-perros.jp,prices: 2.83 €/u13.40 €/
title: Fish4Dogs Sea Jerky Taquitos de Pescado Pequeños Deshidratados para Perro,image: https://www.petsonic.com/14071-large_default/fish4dogs-sea-jerky-taquitos-pescado-pequenos-deshidratados-para-perros.jp,prices: 2.98 €/
title: Fish4Dogs Sea Jerky Huesos de Piel de Pescado Deshidratada para Perro,image: https://www.petsonic.com/14076-large_default/fish4dogs-sea-jerky-huesos-piel-pescado-deshidratada-para-perros.jp,prices: 3.20 €/
title: Fish4Dogs Sea Biscuits Tiddlers  para Perros,image: https://www.petsonic.com/14078-large_default/fish4dogs-sea-biscuits-tiddlers-para-perros.jp,prices: 3.46 €/
title: Fish4Dogs Snack Icelandic Fish Cubes para perros,image: https://www.petsonic.com/12970-large_default/snack-icelandic-fish-cubes-para-perros.jp,prices: 4.49 €/
title: Fish4Dogs Bocados de Calamar,image: https://www.petsonic.com/10090-large_default/fish4dogs-bocados-calamar-para-perros.jp,prices: 4.13 €/
title: Fish4Dogs Anillas de Calamar,image: https://www.petsonic.com/10089-large_default/fish4dogs-anillas-calamar-para-perros.jp,prices: 4.49 €/
title: Naturea Galletas con Frutas del Bosque para Perro,image: https://www.petsonic.com/18719-large_default/naturea-galletas-frutas-bosque-para-perros.jp,prices: 2.70 €/
title: Naturea Galletas de Manzana y Canela para Perro,image: https://www.petsonic.com/18720-large_default/naturea-galletas-manzana-canela-para-perros.jp,prices: 2.70 €/
title: Naturea Galletas con Tomate Aceite de Oliva y Queso Parmesano para Perro,image: https://www.petsonic.com/18721-large_default/naturea-galletas-tomate-aceite-oliva-queso-parmesano-para-perros.jp,prices: 4.97 €/
title: Naturea Galletas con Pato y Moras para Perro,image: https://www.petsonic.com/18722-large_default/naturea-galletas-pato-moras-para-perros.jp,prices: 2.70 €/
title: Naturea Galletas con Yogurt y Miel para Perro,image: https://www.petsonic.com/18723-large_default/naturea-galletas-yogurt-miel-para-perros.jp,prices: 4.67 €/
title: Naturea Galletas con Pescado Aceite de oliva y Hierbas Aromáticas para Perro,image: https://www.petsonic.com/18724-large_default/naturea-galletas-pescado-aceite-oliva-hierbas-aromaticas-para-perros.jp,prices: 4.17 €/
title: hobbit Alf Galletas Puppy para Perro,image: https://www.petsonic.com/14110-large_default/hobbit-alf-galletas-puppy-para-perros.jp,prices: 0.80 €/u1.61 €/u2.56 €/
title: hobbit Alf Galletas Granja para Perro,image: https://www.petsonic.com/14111-large_default/hobbit-alf-galletas-granja-para-perros.jp,prices: 1.61 €/u2.53 €/u16.19 €/
title: hobbit Alf Galleta Croqueta Queso y Pollo para Perro,image: https://www.petsonic.com/14114-large_default/hobbit-alf-galleta-croqueta-queso-pollo-para-perros.jp,prices: 2.69 €/
title: hobbit Alf Galletas Alfito de Carne para Perro,image: https://www.petsonic.com/14112-large_default/hobbit-alf-galletas-alfito-carne-para-perros.jp,prices: 2.69 €/
title: hobbit Alf Galleta Happy Happer Mix para Perros,image: https://www.petsonic.com/14116-large_default/hobbit-alf-galleta-happy-happer-mix-para-perros.jp,prices: 18.89 €/
title: hobbit Alf Galletas Jumbo Mini Mix para Perro,image: https://www.petsonic.com/14115-large_default/hobbit-alf-galletas-jumbo-mini-mix-para-perros.jp,prices: 2.42 €/
title: Kong Pasta Easy Treat para Cachorros,image: https://www.petsonic.com/13277-large_default/kong-pasta-easy-treat-para-cachorros-para-perros.jp,prices: 4.99 €/
title: Kong Pasta Easy Treat para Perro,image: https://www.petsonic.com/13278-large_default/kong-pasta-easy-treat-para-perros.jp,prices: 5.01 €/
title: Kong Galletas para Cachorro,image: https://www.petsonic.com/15889-large_default/kong-galletas-para-cachorro-para-perros.jp,prices: 4.49 €/
title: Kong Galletas Sabor Hígado para Perros Pequeños,image: https://www.petsonic.com/14118-large_default/kong-galletas-sabor-higado-pequenos-para-perros.jp,prices: 4.04 €/
title: Kong Galletas para Perro,image: https://www.petsonic.com/14119-large_default/kong-galletas-para-perros.jp,prices: 4.95 €/
title: Purina Pro Plan Delibakie Biscotti,image: https://www.petsonic.com/14121-large_default/purina-pro-plan-delibakie-biscotti-para-perros.jp,prices: 0.89 €/u2.24 €/
title: Purina Pro Plan Delibakie Hearts,image: https://www.petsonic.com/14123-large_default/purina-pro-plan-delibakie-hearts-para-perros.jp,prices: 0.98 €/u1.56 €/
title: Purina Pro Plan Delibakie Rolls,image: https://www.petsonic.com/14125-large_default/purina-pro-plan-delibakie-rolls-para-perros.jp,prices: 0.89 €/
title: Purina Pro Plan Adventuros Mini Sticks de Búfalo,image: https://www.petsonic.com/14127-large_default/purina-pro-plan-adventuros-mini-sticks-bufalo-para-perros.jp,prices: 0.85 €/u5.67 €/
title: Purina Pro Plan Adventuros Strips Venado,image: https://www.petsonic.com/14128-large_default/purina-pro-plan-adventuros-strips-venado-para-perros.jp,prices: 0.85 €/u5.67 €/
title: Purina Pro Plan Adventuros Nuggets Jabalí,image: https://www.petsonic.com/14129-large_default/purina-pro-plan-adventuros-nuggets-jabali-para-perros.jp,prices: 1.16 €/u6.29 €/
title: Purina Pro Plan Adventuros Sticks de Búfalo,image: https://www.petsonic.com/14130-large_default/purina-pro-plan-adventuros-sticks-bufalo-para-perros.jp,prices: 1.07 €/u5.67 €/
title: Hill's Ideal Balance  IB Snack Pollo y Manzana,image: https://www.petsonic.com/17227-large_default/hill-s-ideal-balance-ib-snack-pollo-manzana-para-perros.jp,prices: 3.14 €/u17.09 €/
title: Purina Pro Plan Biscuits Dental Bar 150gr.,image: https://www.petsonic.com/13407-large_default/purina-pro-plan-biscuits-dental-bar-150gr-para-perros.jp,prices: 2.52 €/u14.85 €/
title: Purina Pro Plan Biscuits Light 400gr.,image: https://www.petsonic.com/13408-large_default/purina-pro-plan-biscuits-light-400gr-para-perros.jp,prices: 2.69 €/u10.79 €/
title: Acana Treat Free Run Duck 35 gr,image: https://www.petsonic.com/13837-large_default/treat-free-run-duck-35-gr.jp,prices: 4.04 €/
title: Acana Treat Grass-Fed Lamb 35 gr,image: https://www.petsonic.com/13838-large_default/treat-grass-fed-lamb-35-gr.jp,prices: 4.13 €/
title: Acana Treats Pacific Pilchard 35 gr,image: https://www.petsonic.com/13839-large_default/treats-pacific-pilchard-35-gr.jp,prices: 4.49 €/
title: Acana Treat Yorkshire Pork 35 gr,image: https://www.petsonic.com/13840-large_default/treat-yorkshire-pork-35-gr.jp,prices: 4.27 €/
title: Orijen Treat Free Run Duck 42.5 Gr,image: https://www.petsonic.com/12700-large_default/orijen-treat-free-run-duck-42-5-gr-para-perros.jp,prices: 5.66 €/u31.49 €/
title: Orijen Regional Treats 42.5 gr,image: https://www.petsonic.com/13414-large_default/regional-treats-42-5-gr.jp,prices: 4.94 €/u29.69 €/
title: Orijen Treats Ranch Raised Lamb 56gr.,image: https://www.petsonic.com/9781-large_default/orijen-treats-ranch-raised-lamb-56gr-para-perros.jp,prices: 4.76 €/u27.89 €/
title: Affinity Advance Puppy Snack,image: https://www.petsonic.com/18854-large_default/affinity-advance-puppy-snack-para-perros.jp,prices: 2.42 €/u10.79 €/
title: Affinity Advance Dental Care Stick Mini,image: https://www.petsonic.com/18855-large_default/affinity-advance-dental-care-stick-mini-para-perros.jp,prices: 2.02 €/u6.44 €/
title: Affinity Advance Dental Care Stick Medium,image: https://www.petsonic.com/18858-large_default/affinity-advance-dental-care-stick-medium-para-perros.jp,prices: 2.42 €/u8.06 €/
title: Affinity Advance Hypoallergenic Snack,image: https://www.petsonic.com/18860-large_default/affinity-advance-hypoallergenic-snack-para-perros.jp,prices: 2.42 €/u9.89 €/
title: Affinity Advance Appetite Control Snack,image: https://www.petsonic.com/18862-large_default/affinity-advance-appetite-control-snack-para-perros.jp,prices: 2.42 €/u10.35 €/
title: Affinity Advance Articular Snack,image: https://www.petsonic.com/18859-large_default/affinity-advance-articular-snack-para-perros.jp,prices: 2.42 €/u18.89 €/
title: Affinity Advance Sensitive Snack,image: https://www.petsonic.com/18863-large_default/sensitive-snack.jp,prices: 2.42 €/u13.49 €/
title: Acana Senior Dog,image: https://www.petsonic.com/8041-large_default/pienso-para-perros-acana-senior-dog.jp,prices: 12.77 €/u27.89 €/u43.19 €/u82.93 €/
title: Bayer Limpiador Dental Masticable para Perros,image: https://www.petsonic.com/15895-large_default/bayer-limpiador-dental-masticable-para-perros.jp,prices: 6.26 €/
title: Divasa Plaque off Croq para Perro,image: https://www.petsonic.com/11673-large_default/divsa-plaque-off-croq-para-perro.jp,prices: 7.19 €/u7.55 €/
title: Purina Pro Plan Snack Dentalife para Perro X-Small,image: https://www.petsonic.com/15574-large_default/snack-dentalife-para-perro-x-small.jp,prices: 1.79 €/u4.49 €/
title: Purina Pro Plan Snack Dentalife para Perros Mini,image: https://www.petsonic.com/11184-large_default/purina-pro-plan-snack-dentalife-mini-para-perros.jp,prices: 1.52 €/u3.59 €/
title: Purina Pro Plan Snack Dentalife para Perros Medianos,image: https://www.petsonic.com/11186-large_default/purina-pro-plan-snack-dentalife-medianos-para-perros.jp,prices: 1.52 €/u3.59 €/
title: Purina Pro Plan Snack Dentalife para Perros Grandes,image: https://www.petsonic.com/11188-large_default/purina-pro-plan-snack-dentalife-grandes-para-perros.jp,prices: 1.70 €/u3.81 €/
title: Pedigree Dentastix 5-10 Kg Sticks Dentales,image: https://www.petsonic.com/10752-large_default/pedigree-dentastix-5-10-kg-sticks-dentales-para-perros.jp,prices: 1.43 €/u5.39 €/
title: Pedigree Dentastix 10-25Kg Sticks Dentales,image: https://www.petsonic.com/10753-large_default/pedigree-dentastix-10-25kg-sticks-dentales-para-perros.jp,prices: 2.24 €/u8.90 €/
title: Pedigree Sticks Pedigree Dentastix +25 Kg,image: https://www.petsonic.com/8480-large_default/pedigree-dentastix-25-kg-para-perros.jp,prices: 3.14 €/u8.90 €/
title: greenies Petite,image: https://www.petsonic.com/18832-large_default/greenies-petite-para-perros.jp,prices: 5.61 €/u10.47 €/u20.52 €/
title: greenies Teenie,image: https://www.petsonic.com/18835-large_default/greenies-teenie-para-perros.jp,prices: 7.16 €/u10.47 €/u20.52 €/
title: greenies Large,image: https://www.petsonic.com/14141-large_default/greenies-large-para-perros.jp,prices: 7.19 €/u14.09 €/u34.16 €/
title: greenies Regular,image: https://www.petsonic.com/18837-large_default/greenies-regular-para-perros.jp,prices: 5.67 €/u10.47 €/u20.52 €/
title: King Bone Hueso Piel con Carne de Pollo para perro,image: https://www.petsonic.com/11053-large_default/nayeco-hueso-piel-carne-pollo-para-perros.jp,prices: 2.24 €/u2.11 €/
title: King Bone Hueso Piel Carne de Salmón para Perro,image: https://www.petsonic.com/11052-large_default/nayeco-hueso-piel-carne-salmon-para-perros.jp,prices: 2.36 €/u2.69 €/
title: hobbit Alf Stick Con Carne de pollo para Perro,image: https://www.petsonic.com/11059-large_default/hobbit-alf-stick-carne-pollo-para-perros.jp,prices: 2.69 €/
title: hobbit Alf Stick Talla XXL con Carne de Pollo para Perro,image: https://www.petsonic.com/11060-large_default/hobbit-alf-stick-talla-xxl-carne-pollo-para-perros.jp,prices: 2.70 €/
title: Bravo Caja con Rollos de Piel Deshidratada para Perro,image: https://www.petsonic.com/10672-large_default/bravo-caja-rollos-piel-deshidratada-para-perro.jp,prices: 8.99 €/
title: Vetnova Glyco-flex l Snacks para Perro,image: https://www.petsonic.com/11857-large_default/glyco-flex-l-snacks-para-perro.jp,prices: 52.11 €/
title: Vetnova Glyco-flex ll Snacks para Perro,image: https://www.petsonic.com/11858-large_default/vetnova-glyco-flex-ll-snacks-para-perro.jp,prices: 35.54 €/u56.26 €/
title: Vetnova Glyco-flex ll Snacks para Gatos y Perros Pequeños,image: https://www.petsonic.com/11859-large_default/vetnova-glyco-flex-l-snacks-para-gatos-y-perros-pequenos.jp,prices: 30.11 €/
title: Vetnova Glyco-flex lll Snacks para Perro,image: https://www.petsonic.com/11863-large_default/vetnova-glyco-flex-lll-snacks-para-perro.jp,prices: 27.53 €/u45.70 €/u77.76 €/
title: Vetnova Glyco-flex lll Snacks para Perro Mini,image: https://www.petsonic.com/11862-large_default/vetnova-glyco-flex-lll-snacks-para-perro-mini.jp,prices: 31.94 €/
title: Vetnova Multiva Active para Perro,image: https://www.petsonic.com/11868-large_default/vetnova-multiva-active-para-perro.jp,prices: 16.01 €/
title: Vetnova Multiva Calming para Gatos y Perros Pequeños,image: https://www.petsonic.com/11869-large_default/vetnoca-multiva-calming-para-gato-y-perros-pequenos.jp,prices: 9.36 €/
title: Vetnova Multiva Calming para Perros Medianos y Grandes,image: https://www.petsonic.com/11870-large_default/vetnova-multiva-calming-para-perros-medianos-y-grandes.jp,prices: 15.78 €/
title: Vetnova Multiva Motion para Perro,image: https://www.petsonic.com/11872-large_default/vetnova-multiva-motion-para-perro.jp,prices: 16.01 €/
title: Vetnova Cutania Snacks para Perro,image: https://www.petsonic.com/13252-large_default/vetnova-cutania-snacks-para-perros-gatos.jp,prices: 26.46 €/
title: Vetnova Cutania Snacks para Perro Mini y Gato,image: https://www.petsonic.com/13253-large_default/cutania-snacks-para-perro-mini-gato.jp,prices: 16.58 €/
title: Specific Snack Healthy Treats Mini para Perro,image: https://www.petsonic.com/14914-large_default/snack-healthy-treats-mini-para-perro.jp,prices: 2.21 €/
title: Specific Snack Healthy Treats para Perro,image: https://www.petsonic.com/14915-large_default/snack-healthy-treats-para-perro.jp,prices: 2.43 €/
title: Specific Snack Healthy Treats Hypoallergenic para Perro,image: https://www.petsonic.com/14916-large_default/snack-healthy-treats-hypoallergenic-para-perro.jp,prices: 2.70 €/
title: Churpi Snack Churpi Original Pequeño para Perro,image: https://www.petsonic.com/16946-large_default/snack-churpi-original-pequeno-para-perro.jp,prices: 12.47 €/
title: Churpi Snack Churpi Original Mediano para Perro,image: https://www.petsonic.com/16947-large_default/snack-churpi-original-mediano-para-perro.jp,prices: 15.26 €/
title: Churpi Snack Churpi Original Grande para Perro,image: https://www.petsonic.com/16948-large_default/snack-churpi-original-grande-para-perro.jp,prices: 12.48 €/
title: Churpi Snack Churpi Original Pocket para Perro,image: https://www.petsonic.com/16949-large_default/snack-churpi-original-pocket-para-perro.jp,prices: 4.79 €/
title: Churpi Snack Churpi Puffies para Perro,image: https://www.petsonic.com/16950-large_default/snack-churpi-puffies-para-perro.jp,prices: 9.12 €/
title: Churpi Snack Churpi Puffies Bars para Perro,image: https://www.petsonic.com/16951-large_default/snack-churpi-puffies-bars-para-perro.jp,prices: 9.12 €/
title: Churpi Snack Churpi Crunchies para Perro,image: https://www.petsonic.com/16952-large_default/snack-churpi-crunchies-para-perro.jp,prices: 9.13 €/
title: Trixie Serpiente para Snacks de Caucho Termoplástico,image: https://www.petsonic.com/17062-large_default/trixie-serpiente-para-snacks-caucho-termoplastico.jp,prices: 6.08 €/
title: virbac VeggieDent Fresh para Perro,image: https://www.petsonic.com/17253-large_default/virbac-veggiedent-fresh-para-perro.jp,prices: 5.39 €/u5.39 €/u7.19 €/u7.19 €/
title: Biozoo Nervio de Buey de 12cm para Perro,image: https://www.petsonic.com/17105-large_default/biozoo-nervio-buey-12cm-para-perro.jp,prices: 0.98 €/
title: Arquivet Huesitos de Pollo para Perro,image: https://www.petsonic.com/17579-large_default/arquivet-huesitos-pollo-para-perro.jp,prices: 1.43 €/u3.77 €/
title: Arquivet Filete de Pollo para Perro,image: https://www.petsonic.com/17581-large_default/arquivet-filete-pollo.jp,prices: 2.17 €/
title: Arquivet Huesitos de Pato para Perro,image: https://www.petsonic.com/17593-large_default/arquivet-huesitos-pato-para-perro.jp,prices: 1.43 €/u2.87 €/
title: Arquivet Filete de Pato para Perro,image: https://www.petsonic.com/17595-large_default/filete-pato.jp,prices: 2.40 €/
title: Arquivet Sticks de Cordero para Perro,image: https://www.petsonic.com/17599-large_default/arquivet-sticks-cordero-para-perro.jp,prices: 1.16 €/
title: Arquivet Tiras de Pollo y Pescado para perro,image: https://www.petsonic.com/17605-large_default/tiras-pollo-pescado-para-perro.jp,prices: 1.91 €/
title: Arquivet Sticks de Pescado para perro,image: https://www.petsonic.com/17607-large_default/arquivet-sticks-pescado-para-perro.jp,prices: 1.16 €/
title: Arquivet Twist con Pollo enrollado / 13 cm para Perro,image: https://www.petsonic.com/17609-large_default/twist-pollo-enrollado-13-cm-para-perro.jp,prices: 2.87 €/
title: Arquivet Barritas de Salmón con piel para Perro,image: https://www.petsonic.com/17616-large_default/barritas-salmon-piel-para-perro.jp,prices: 2.69 €/
title: Arquivet Pescadito seco para Perro,image: https://www.petsonic.com/17589-large_default/pescadito-seco-para-perro.jp,prices: 2.15 €/
title: Arquivet Soft Snacks Mini Huesitos Mix para perro,image: https://www.petsonic.com/17639-large_default/soft-snacks-mini-huesitos-mix-para-perro.jp,prices: 1.21 €/u2.51 €/u6.19 €/
title: Arquivet Soft Snacks Huesitos de Salmón para Perro,image: https://www.petsonic.com/17641-large_default/soft-snacks-huesitos-salmon-para-perro.jp,prices: 1.16 €/u2.76 €/u5.39 €/
title: Biozoo Hueso Salmón 12 cm,image: https://www.petsonic.com/17808-large_default/biozoo-hueso-salmon-12-cm-para-perros.jp,prices: 0.75 €/
title: Nayeco Galletas Mini Duo para Perro,image: https://www.petsonic.com/17919-large_default/nayeco-galletas-mini-duo.jp,prices: 4.91 €/
title: hobbit Alf Orejas de Liebre para Perro,image: https://www.petsonic.com/18063-large_default/hobbit-alf-orejas-liebre-para-perro.jp,prices: 1.07 €/
title: Natural Horn Asta de Ciervo Natural Puppy & Senior,image: https://www.petsonic.com/18064-large_default/natural-horn-asta-ciervo-natural-puppy-senior.jp,prices: 4.94 €/u6.18 €/
title: Fish4Dogs Sweet Ocean Wraps Apple para Perro,image: https://www.petsonic.com/19259-large_default/wraps-apple-para-perro.jp,prices: 4.46 €/
title: Fish4Dogs Original Sea Kerky para Perro,image: https://www.petsonic.com/19262-large_default/original-sea-kerky-para-perro.jp,prices: 15.26 €/
